{
    "(M | T) C (H | V)": 0.19683350373225794,
    "M T": 0.05286955715632971,
    "(M | T) C": 0.2076386668373965,
    "M T C": 0.12331277508291548,
    "M T C H": 0.0772971607005277,
    "avg": 0.1517748334398688
}